[
  {
    "id": "8a6ce75c-5e5e-4c05-826b-bd469a643a52",
    "title": "T-shirt Ralph Lauren S",
    "description": "T-shirt Ralph Lauren taille S, neuf avec \u00e9tiquette, jamais port\u00e9. En coton bio, tr\u00e8s confortable. Belle finition.",
    "brand": "Ralph Lauren",
    "category": null,
    "size": null,
    "condition": null,
    "price": 67.0,
    "price_suggestion": null,
    "price_history": [],
    "keywords": [],
    "image_urls": [],
    "image_hash": null,
    "status": "draft",
    "possible_duplicate": false,
    "estimated_sale_score": null,
    "created_at": "2025-10-13T09:17:52.183095",
    "updated_at": "2025-10-13T09:17:52.183114"
  },
  {
    "id": "5231fd17-09b8-4f12-8569-adfe933e7a5f",
    "title": "T-shirt Ralph Lauren M",
    "description": "Magnifique t-shirt de la marque Ralph Lauren, bon \u00e9tat g\u00e9n\u00e9ral, quelques signes d'usage. Mati\u00e8re lin de qualit\u00e9. Intemporel !",
    "brand": "Ralph Lauren",
    "category": "T-shirt",
    "size": "M",
    "condition": "good",
    "price": 42.0,
    "price_suggestion": {
      "min": 29.4,
      "max": 54.6,
      "target": 42.0,
      "justification": "Prix bas\u00e9 sur la marque Ralph Lauren, \u00e9tat good, et demande actuelle pour T-shirt"
    },
    "price_history": [],
    "keywords": [
      "ralph lauren",
      "t-shirt",
      "lin",
      "m"
    ],
    "image_urls": [],
    "image_hash": null,
    "status": "listed",
    "possible_duplicate": true,
    "estimated_sale_score": 73,
    "created_at": "2025-10-13T09:18:20.426145",
    "updated_at": "2025-10-13T09:19:44.288887"
  }
]